{
  "slots": 20,
  "C_mean": 2.3609369147711968e-05,
  "C_std": 1.3758562703294306e-05,
  "E_tx_total": 0.0004721873828742393,
  "E_srv_total": 8e-14,
  "E_mean": 0.00047218738295423933,
  "effective_bits_total": 39909172.62074905,
  "Energy_per_bit": 1.1831550291492285e-11,
  "Energy_per_task": 2.3609369147711968e-05,
  "EE_proxy_bit_per_J": 84519777659.15175,
  "avg_delay_mean": 0.1023609369143712,
  "avg_delay_median": 0.10192480328054909,
  "delay_95": 0.10462396738053924,
  "delay_99": 0.1046493021933444,
  "SLA_violation_rate": 0.0,
  "Avg_queue": 0.0,
  "Acc_rate": 0.3333333333333333,
  "Drop_rate": 1.3333333333333333,
  "Handover_count_total": 0,
  "Availability": 0.0,
  "CPU_util_mean": 0.0005000000000000001,
  "BW_util_mean": 0.5,
  "Migration_freq_total": 0,
  "Migration_cost_total": 0.0,
  "Ops_mean": 600000.0,
  "Ops_total": 12000000.0,
  "DecisionTime_ms_mean": 0.45365095138549805,
  "DecisionTime_ms_max": 0.6592273712158203
}