{
  "slots": 5,
  "C_mean": 1.9674226247041235,
  "C_std": 1.798485536003948,
  "E_mean": 9.837113123520616,
  "Energy_per_task": 1.4053018747886594,
  "Energy_per_bit": 5.419483348324373e-07,
  "EE_proxy_bit_per_J": 1845194.3399903344,
  "avg_delay_mean": 2.459929443165266,
  "avg_delay_median": 2.7950815459810996,
  "delay_p95": 2.7950815459810996,
  "SLA_violation_rate": 0.75,
  "Avg_queue": 0.0,
  "Acc_rate": 0.4666666666666667,
  "Drop_rate": 1.0666666666666667,
  "Handover_count_total": 5,
  "DecisionTime_ms_mean": 192.1731472015381,
  "DecisionTime_ms_max": 275.4828929901123,
  "Jain_mean": 0.0,
  "CloudRatio": 0.0,
  "E_tx_total": 9.837113121498273,
  "E_srv_total": 2.0223437500000002e-09,
  "total_runtime_s": 0.9628913402557373
}