{
  "slots": 5,
  "C_mean": 2.7285977837711017e-05,
  "C_std": 1.0384014659100474e-05,
  "E_mean": 0.00013642988918855512,
  "Energy_per_task": 2.7285977837711024e-05,
  "Energy_per_bit": 1.132793100564092e-11,
  "EE_proxy_bit_per_J": 88277373820.69456,
  "avg_delay_mean": 0.10272859778337111,
  "avg_delay_median": 0.1027207895249544,
  "delay_p95": 0.10365173517782217,
  "SLA_violation_rate": 0.0,
  "Avg_queue": 0.0,
  "Acc_rate": 0.3333333333333333,
  "Drop_rate": 1.3333333333333333,
  "Handover_count_total": 0,
  "DecisionTime_ms_mean": 1.6067981719970703,
  "DecisionTime_ms_max": 2.967357635498047,
  "Jain_mean": 0.0,
  "CloudRatio": 0.0,
  "E_tx_total": 0.00013642988916855511,
  "E_srv_total": 2.0000000000000003e-14,
  "total_runtime_s": 0.008033990859985352
}