{
  "slots": 5,
  "C_mean": 2.290544970890304,
  "C_std": 1.0413486806525438,
  "E_mean": 11.45272485445152,
  "Energy_per_task": 0.763514990296768,
  "Energy_per_bit": 5.026934008798997e-07,
  "EE_proxy_bit_per_J": 1989284.120797348,
  "avg_delay_mean": 4.581689935780608,
  "avg_delay_median": 3.967578963474964,
  "delay_p95": 4.928356486010223,
  "SLA_violation_rate": 1.0,
  "Avg_queue": 0.0,
  "Acc_rate": 1.0,
  "Drop_rate": 0.0,
  "Handover_count_total": 0,
  "DecisionTime_ms_mean": 0.0,
  "DecisionTime_ms_max": 0.0,
  "Jain_mean": 0.0,
  "CloudRatio": 0.0,
  "E_tx_total": 11.45272483945152,
  "E_srv_total": 1.5000000000000002e-08,
  "total_runtime_s": 0.0014815330505371094
}