{
  "slots": 5,
  "C_mean": 0.5316319972671293,
  "C_std": 0.28926291098741974,
  "E_mean": 2.6581599863356464,
  "Energy_per_task": 0.17721066575570976,
  "Energy_per_bit": 8.440764354395021e-08,
  "EE_proxy_bit_per_J": 11847268.304313105,
  "avg_delay_mean": 2.6731599863116466,
  "avg_delay_median": 3.228804496551317,
  "delay_p95": 3.7092317523304166,
  "SLA_violation_rate": 1.0,
  "Avg_queue": 0.0,
  "Acc_rate": 1.0,
  "Drop_rate": 0.0,
  "Handover_count_total": 0,
  "DecisionTime_ms_mean": 0.1884937286376953,
  "DecisionTime_ms_max": 0.9424686431884766,
  "Jain_mean": 0.0,
  "CloudRatio": 0.0,
  "E_tx_total": 2.6581599863116465,
  "E_srv_total": 2.4e-11,
  "total_runtime_s": 0.001983642578125
}