{
  "slots": 5,
  "C_mean": 0.6437126266925016,
  "C_std": 0.38223374051200676,
  "E_mean": 3.2185631334625073,
  "Energy_per_task": 0.21457087556416715,
  "Energy_per_bit": 9.582600015513892e-08,
  "EE_proxy_bit_per_J": 10435581.140619824,
  "avg_delay_mean": 1.616622306595388,
  "avg_delay_median": 1.1484412449369161,
  "delay_p95": 1.366036257466976,
  "SLA_violation_rate": 1.0,
  "Avg_queue": 0.0,
  "Acc_rate": 1.0,
  "Drop_rate": 0.0,
  "Handover_count_total": 6,
  "DecisionTime_ms_mean": 59.07769203186035,
  "DecisionTime_ms_max": 177.39415168762207,
  "Jain_mean": 0.0,
  "CloudRatio": 0.0,
  "E_tx_total": 3.217936368064219,
  "E_srv_total": 0.0006267653982883234,
  "total_runtime_s": 0.29538846015930176
}